{
  "id": "e6d5888a-fdea-8c6a-6f3b-b574c41f929a",
  "name": "github_gists",
  "values": [
    {
      "enabled": true,
      "key": "url",
      "value": "https://api.github.com/gists",
      "type": "text"
    },
    {
      "enabled": true,
      "key": "url2",
      "value": "https://api.github.com",
      "type": "text"
    }
  ],
  "timestamp": 1506898629619,
  "_postman_variable_scope": "environment",
  "_postman_exported_at": "2017-10-02T03:09:31.473Z",
  "_postman_exported_using": "Postman/4.10.7"
}